time,event
8.344650268554688e-06,experiment started
7.117014646530151,stimulus 1 of 90 complete
