time,event
8.821487426757812e-06,experiment started
1.6629719734191895,stimulus 1 of 90 complete
