time,event
8.106231689453125e-06,experiment started
0.9057250022888184,stimulus 1 of 90 complete
3.6026272773742676,stimulus 2 of 90 complete
