time,event
6.67572021484375e-06,experiment started
9.249060869216919,stimulus 1 of 20 complete
15.00507116317749,stimulus 2 of 20 complete
19.134995460510254,stimulus 3 of 20 complete
