time,event
1.7404556274414062e-05,experiment started
4.178443431854248,stimulus 1 of 90 complete
